Order,Rel,Packing Slip,Line,Part,Customer,Freighted Ship Via,Reference 1,Reference 3,Reference 4,Reference 2,Reference 5,Ship Date,Ship Via,Tracking Number,Address,Address2,Address3,Country,City,State/Province,Postal Code,Name,Customer,Rev Description,Qty
95303,1,146534,1,211-111,2758,,,2087850667,1100221850,,41990,3/10/2015,UPSG,1ZXXXXXXXXXXXXXXX,some address,,,,SEATTLE,WA,95555,PUBLIC WORKS,2758,DUST PLUG,10
95303,1,146534,2,211-112,2758,,,2087850667,1100221850,,41990,3/11/2015,UPSG,1ZXXXXXXXXXXXXXXX,some address,,,,SEATTLE,WA,95555,PUBLIC WORKS,2758,DUST PLUG,10
95303,1,146534,3,211-113,2758,,,2087850667,1100221850,,41990,3/12/2015,UPSG,1ZXXXXXXXXXXXXXXX,some address,,,,SEATTLE,WA,95555,PUBLIC WORKS,2758,DUST PLUG,10
95303,1,146534,4,211-114,2758,,,2087850667,1100221850,,41990,3/13/2015,UPSG,1ZXXXXXXXXXXXXXXX,some address,,,,SEATTLE,WA,95555,PUBLIC WORKS,2758,DUST PLUG,10
95303,1,146534,5,211-115,2758,,,2087850667,1100221850,,41990,3/14/2015,UPSG,1ZXXXXXXXXXXXXXXX,some address,,,,SEATTLE,WA,95555,PUBLIC WORKS,2758,DUST CAP,10
95303,1,146534,6,211-116,2758,,,2087850667,1100221850,,41990,3/15/2015,UPSG,1ZXXXXXXXXXXXXXXX,some address,,,,SEATTLE,WA,95555,PUBLIC WORKS,2758,DUST CAP,10
95303,1,146534,7,211-117,2758,,,2087850667,1100221850,,41990,3/16/2015,UPSG,1ZXXXXXXXXXXXXXXX,some address,,,,SEATTLE,WA,95555,PUBLIC WORKS,2758,DUST CAP,10
95303,1,146534,8,211-118,2758,,,2087850667,1100221850,,41990,3/17/2015,UPSG,1ZXXXXXXXXXXXXXXX,some address,,,,SEATTLE,WA,95555,PUBLIC WORKS,2758,DUST CAP,10
95318,1,127099,1,700-1544,52353,,,,,,,3/18/2015,UPSG,1ZXXXXXXXXXXXXXXX,other address,,,,SEATTLE,WA,95555,SOMETHING ELSE,49751,REMOTE MASTER,1
